{"cameraMode":{"drawMode":0,"name":"Shaded","section":"Shading Mode"},"sceneLighting":false,"audioPlay":false,"sceneViewState":{"m_AlwaysRefresh":false,"showFog":true,"showSkybox":false,"showFlares":true,"showImageEffects":true,"showParticleSystems":true,"showVisualEffectGraphs":true,"m_FxEnabled":true},"in2DMode":false,"pivot":{"x":-0.326728880405426,"y":0.2997281849384308,"z":-0.8612428903579712},"rotation":{"x":-0.13351133465766908,"y":-0.20218238234519959,"z":0.027862530201673509,"w":-0.9698310494422913},"size":2.218355417251587,"orthographic":false}