{"cameraMode":{"drawMode":0,"name":"Shaded","section":"Shading Mode"},"sceneLighting":true,"audioPlay":false,"sceneViewState":{"m_AlwaysRefresh":false,"showFog":true,"showSkybox":true,"showFlares":true,"showImageEffects":true,"showParticleSystems":true,"showVisualEffectGraphs":true,"m_FxEnabled":true},"in2DMode":false,"pivot":{"x":5.786104679107666,"y":2.4176831245422365,"z":-0.4493025541305542},"rotation":{"x":0.06901617348194123,"y":0.39651748538017275,"z":-0.02996794693171978,"w":0.9149745106697083},"size":13.077219009399414,"orthographic":false}