{"cameraMode":{"drawMode":0,"name":"Shaded","section":"Shading Mode"},"sceneLighting":true,"audioPlay":false,"sceneViewState":{"m_AlwaysRefresh":false,"showFog":true,"showSkybox":true,"showFlares":true,"showImageEffects":true,"showParticleSystems":true,"showVisualEffectGraphs":true,"m_FxEnabled":true},"in2DMode":false,"pivot":{"x":1.6891642808914185,"y":-6.4865241050720219,"z":18.63378143310547},"rotation":{"x":-0.17757295072078706,"y":-0.05608820170164108,"z":0.010167987085878849,"w":-0.9824816584587097},"size":17.640789031982423,"orthographic":false}